{"data": {"44100": [0.6472972972972973, 0.645242914979757, 0.6466666666666666, 0.638121546961326, 0.6312664907651715, 0.6319095477386935, 0.624113475177305, 0.6092767295597484, 0.5976851851851852, 0.5860492845786963, 0.5606110381077529, 0.4833278580814718, 0.37176470588235294], "32000": [0.4564393939393939, 0.4639830508474576, 0.45454545454545453, 0.4697265625, 0.4593978102189781, 0.4693965517241379, 0.4659468438538206, 0.45494186046511625, 0.44055269922879176, 0.4398148148148148, 0.4251824817518248, 0.3556735985533454, 0.2935606060606061], "22050.0": [0.37357954545454547, 0.39939024390243905, 0.39093959731543626, 0.3905367231638418, 0.38513513513513514, 0.38144329896907214, 0.37796208530805686, 0.37710084033613445, 0.36886792452830186, 0.36869085173501576, 0.3608179419525066, 0.3347568988173456, 0.2486270920502092], "11025.0": [0.23579545454545456, 0.23565573770491804, 0.21964285714285714, 0.22017045454545456, 0.21164772727272727, 0.21520618556701032, 0.2154761904761905, 0.2236842105263158, 0.21875, 0.2199367088607595, 0.20743243243243242, 0.1738126649076517, 0.15772251308900523]}, "list_Fs": [44100, 32000, 22050.0, 11025.0], "list_N": [2048, 1536, 1280, 1075, 1024, 972, 921, 819, 716, 614, 512, 256, 102]}