{"data": {"44100": [0.6300653594771242, 0.6382646691635455, 0.6321805392731535, 0.6298802706923478, 0.62557497700092, 0.6242591860924536, 0.6162259222984002, 0.566383950415919, 0.4968508538406597], "32000": [0.38213961922030826, 0.37233134073441504, 0.37665016501650167, 0.3704906204906205, 0.37149234693877553, 0.3681793625067531, 0.36351290176550477, 0.33793800539083557, 0.29329809156885583], "22050.0": [0.31459170013386883, 0.3203821656050955, 0.31176470588235294, 0.3155694879832811, 0.31746031746031744, 0.3094679186228482, 0.3137254901960784, 0.29774730656219395, 0.257825691648266], "11025.0": [0.24297752808988765, 0.23393316195372751, 0.235781990521327, 0.25216450216450215, 0.2373358348968105, 0.2456828885400314, 0.23560910307898258, 0.23823529411764705, 0.19802494802494802]}, "list_Fs": [44100, 32000, 22050.0, 11025.0], "list_N": [1024, 972, 921, 819, 716, 614, 512, 256, 102]}