{"data": {"44100": [0.5348520249221184, 0.537962962962963, 0.5378190526254307, 0.5384815122559202, 0.537992537992538, 0.5365768152072297, 0.5330862029720678, 0.5114009693263507, 0.4636557019819446], "32000": [0.3481560853647647, 0.3467550118926266, 0.3454164652811342, 0.3453505007153076, 0.3437011077038613, 0.34061979698157796, 0.3373790756001433, 0.3250599224927757, 0.2950785976639648], "22050.0": [0.24669260700389106, 0.24723383329235307, 0.24530064214827788, 0.24455055013493876, 0.24338335607094133, 0.23888499571751148, 0.23663032191069575, 0.23031899326894936, 0.2161450564843517], "11025.0": [0.1561367167270844, 0.15397838899803537, 0.1530207604385351, 0.15316429602143888, 0.15409776485553334, 0.15266106442577032, 0.15149156939040206, 0.14615784008307373, 0.1424128547362965]}, "list_Fs": [44100, 32000, 22050.0, 11025.0], "list_N": [2048, 1945, 1843, 1638, 1433, 1228, 1024, 512, 204]}