{"data": {"44100": [0.6525600835945663, 0.6575235109717869, 0.6648172323759791, 0.6650904605263158, 0.667319749216301, 0.6650919940328195, 0.6617647058823529, 0.6592952739439565, 0.6558721143275925, 0.649349121706399, 0.6329229963331587, 0.5277504911591355, 0.3795892521412158], "32000": [0.47532188841201717, 0.47981700753498385, 0.48172645739910314, 0.48323863636363634, 0.4778776978417266, 0.4789671682626539, 0.4798020765736535, 0.4786146313364055, 0.47971270161290325, 0.47377811418685123, 0.46645021645021645, 0.4136523543207649, 0.31532025908600214], "22050.0": [0.45589770354906056, 0.45141065830721006, 0.44228274967574577, 0.43058598028477546, 0.428944618599791, 0.42747524752475247, 0.4268579492003763, 0.41931438127090304, 0.4087912087912088, 0.4015840652446675, 0.3887147335423197, 0.3446503404924044, 0.27684353457280136], "11025.0": [0.22291666666666668, 0.21747648902821318, 0.2095115681233933, 0.21095444685466377, 0.20511482254697286, 0.20123762376237625, 0.20535714285714285, 0.19663621262458472, 0.19601024890190336, 0.1853826850690088, 0.18665099268547544, 0.179401776384535, 0.1643967856397412]}, "list_Fs": [44100, 32000, 22050.0, 11025.0], "list_N": [4096, 3072, 2560, 2150, 2048, 1945, 1843, 1638, 1433, 1228, 1024, 512, 204]}